Backend Web Engineer (Ethereum Team),
Senior Full Stack Web Developer (Ethereum Team),
Senior Full Stack Web Developer (Solana Team),
Senior Solidity Engineer,
Communications Lead,
Operations Manager,
Capital Markets Associate,
Capital Markets Associate Director,
Capital Markets Senior Associate,
Your role not listed? Apply here!,
Solutions Engineer,
Product Designer,
Product Designer-Mobile,
UX Researcher,
Customer Experience Advocate,
Developer Advocate,
Developer Advocate (Flow),
Developer Advocate (Polygon),
Events Manager,
Protocol Specialist,
Backend Engineer (Billing),
Backend Engineer (General),
Backend Engineer (Java),
Backend Engineer (Solana),
Blockchain Client Engineer,
Solidity Smart Contract Engineer,
Data Science,
Software Engineer (Data Infrastructure),
Deployed Engineer,
Frontend Infrastructure Engineer,
Full Stack Engineer,
Computer Systems Engineer (Node Automation),
Security Engineer (Application),
Security Engineer (Cloud),
Software Engineer (DevOps),
Engineering Manager,
Senior Engineering Manager,
SDK Engineer (Android),
SDK Engineer (iOS),
SDK Engineer (Server),
Billing Operations Specialist,
Brand Operations,
Legal Counsel,
Growth Marketer,
Product Manager-Growth,
SEO,
Content Marketer,
Marketing,
Product Marketing Manager,
Product Marketing Manager: Alchemy Amplify,
Social Media Manager,
Technical Content Creator (Part Time or Full Time),
Executive Assistant to Founders,
People Ops,
Recruiting,
Technical Recruiter,
Technical Sourcer,
Communications Associate,
Product Engineer,
Product Manager,
Product Operations,
Product Specialist,
Account Executive,
Customer Success Manager,
Sales Development Representative,
Documentation Engineer,
Director-Data Engineering and Architecture,
Solutions Architect-Salesforce CPQ,
Facility Security Officer-Abaxx,
Investigator-Federal Law Enforcement,
Executive Assistant to the CEO,
Customer Support Specialist-AMER,
Customer Support Specialist-APAC,
Product Design Manager,
Senior Product Designer-EMEA,
Senior Product Designer-US,
Cloud Cost Engineer-Developer Productivity,
Engineering Manager,
Engineering Manager-Government Systems,
Senior Backend Engineer-Investments,
Senior Data Engineer-Analytics,
Senior Engineer-Backend,
Senior Engineer-Frontend,
Senior Engineer-Frontend-EMEA,
Senior Engineer-Fullstack,
Senior Engineer-Fullstack,
Senior Engineer-Infrastructure,
Senior Engineering Manager - Data Intelligence,
Senior Engineering Manager-Identity Access Management,
Senior Engineer-Protocol Research,
Senior Machine Learning Engineer,
Sr. Dev Ops Engineer-Advanced Analytics,
Staff Software Engineer-Backend,
Staff Software Engineer-Government Systems,
Corporate Financial Analyst-FP&A,
Senior Business Intelligence Analyst,
Senior Technical Accountant,
Enterprise Security Manager,
Security Engineering Manager,
Cybercrimes Investigator-LATAM,
Commercial Counsel-UK,
Content Marketing Manager,
Field Marketing Manager-ANZ,
Field Marketing Manager-ASEAN & Central Asia,
Global Product Marketing Manager,
Learning & Development Manager,
Senior Product Manager,
Senior Product Manager - Admin Experience,
Channel Manager-LATAM,
Account Executive-BFSI (Hong Kong),
Enterprise Account Executive-LATAM Public Sector (Portuguese & Spanish Speaker),
Enterprise Account Executive-LATAM (Spanish-speaking),
Enterprise Account Executive-Pacific Northwest,
Enterprise Account Executive-San Francisco,
Regional Sales Director-East,
Senior/ Account Executive-BFSI-Japan,
Senior/Account Executive-BFSI (South Korea),
Account Executive-Canada (Financial-Tax & Regulatory),
Account Executive-Intelligence Community,
Senior/ Account Executive-Public Sector-Taiwan,
Country Manager-France,
Head of Sales-India,
Head of Sales-Japan,
Public Sector SDR Manager,
Sales Development Representative-EMEA (German Speaking),
Senior Solutions Architect,
Senior Solutions Architect-Public Sector,
Director of Policy-APAC,
Head of Recruiting Infrastructure & Operations,
Senior Technical Recruiter,
Technical Solutions Engineer-APAC,
General Application,
Brokerage Operations Manager,
Lead Brand Designer,
Lead Designer-Illustration & Iconography,
Lead Product Designer,
Senior Art Director,
Senior Product Designer,
Backend Engineer,
Full Stack Engineer,
Senior Full Stack Engineer,
Investment Writer,
Investment Analyst-Crypto,
Investment Analyst-Equities,
Brokerage Compliance Analyst,
Manager-People Operations,
Editor / Content Lead,
Senior Product Manager,
Digital Asset Venture Capital Associate - Blizzard Fund,
Application Security Engineer (Front End),
Core SDK Engineer,
Distributed Protocol Engineer,
Distributed Systems Engineer,
Infrastructure Engineer,
Institutional Wallet Engineer,
IT Administrator,
React Native Engineer,
Senior Backend Engineer (Core Platform),
Senior Data Engineer (Blockchain Data),
Senior Distributed Protocol Engineer,
Senior Distributed Systems Engineer,
Senior Software Engineer (Backend/API),
Technical Accountant-Digital Assets - Consultant,
Assistant General Counsel,
Event Director,
Global Head of Community,
Head of Developer Relations,
Research Analyst - Culture,
Research Analyst - DeFi/Financial Markets,
Research Analyst - Technology,
Social Media Researcher/Copywriter,
Head of India,
Head of Japan,
Head of LATAM,
Head of Middle East/North Africa (MENA),
Head of Southeast Asia,
Head of South Korea,
Head of Sub-Saharan Africa,
VP-Crypto-Native Marketing Strategy,
Data Scientist,
Product Engineering Director - Platform,
Product Marketing Manger - Platform,
Web3 Solutions Architect,
Executive Assistant to the CEO,
Gaming Partnerships Manager,
Customer Experience Manager,
Senior Software Engineer-Full-stack,
Software Engineer-Developer Velocity,
Software Engineer-Full-stack,
Software Engineer-Security,
Software Engineer-Trust and Safety,
Staff Software Engineer-Data Storage,
Senior Counsel-Litigation,
Senior Counsel-Product & Compliance,
Senior Manager-Federal Government Affairs,
Corporate and Policy Communications Lead,
Office Manager-San Francisco & Palo Alto,
Investigator-Trust & Safety Operations,
Institutional Account Executive,
Marketing Associate,
Compliance Manager - BSA/AML,
KYC/AML Compliance Analyst,
Frontend Developer,
Frontend Developer,
Platform/Full Stack Developer,
Platform/Full Stack Developer,
Product Developer - Stocks,
Product Developer - Stocks,
Software Engineer - C# - FTX Gaming,
Software Engineering - Client / Unity - FTX Gaming,
Technical Sales Engineer,
Senior In-House Corporate Paralegal,
Public Relations Associate,
Future Openings,
Consulting Director,
Security Apprenticeship-Blockchain,
Security Consultant-Application Security,
Security Consultant-Blockchain,
Security Consultant-Cryptography,
Chief Scientist,
Project Manager-Assurance,
Sales Engineer,
Winternship 2022-2023,
Senior IT Engineer,
Head of People Operations,
Android Security Developer,
Full Stack Developer,
iOS Security Researcher,
Security Engineer-Endpoint Agents,
Security Engineer-Engineering,
Security Engineer-Open-Source,
Security Engineer-Research,
Senior Security Engineer-Research,
Senior Vulnerability Researcher-Research,
SWE - Smart Contract (Rust),
Controller,
Design Lead - Brand and Marketing,
General Manager Growth-India,
Head of Marketing,
Head of Talent,
Motion Designer,
People Operations Lead,
Software Engineer - Crypto Wallet,
Sr. Software Engineer - Cloud Infra/Web3.0,
Web Project Manager,
Paralegal,
Defi Developer,
Defi Researcher,
MEV Engineer,
MEV Engineer Intern,
Quantitative Developer,
Quantitative Developer Intern,
Software Developer - Back Office,
Software Developer - Core Infrastructure,
Software Developer Intern,
Quantitative Researcher,
Quantitative Researcher Intern,
