Backend,
Web,
Engineer,
Senior,
Full,
Stack,
Web,
Developer,
Senior,
Full,
Stack,
Web,
Developer,
Senior,
Solidity,
Engineer,
Communications,
Lead,
Operations,
Manager,
Capital,
Markets,
Associate,
Capital,
Markets,
Associate,
Director,
Capital,
Markets,
Senior,
Associate,
Solutions,
Engineer,
Product,
Designer,
Product,
Mobile,
UX,
Researcher,
Customer,
Experience,
Advocate,
Developer,
Advocate,
Developer,
Advocate,
Developer,
Advocate,
Events,
Manager,
Protocol,
Specialist,
Backend,
Engineer,
Backend,
Engineer,
Backend,
Engineer,
Backend,
Engineer,
Blockchain,
Client,
Engineer,
Solidity,
Smart,
Contract,
Engineer,
Data,
Science,
Software,
Engineer,
Deployed,
Engineer,
Frontend,
Infrastructure,
Engineer,
Full,
Stack,
Engineer,
Computer,
Systems,
Engineer,
Security,
Engineer,
Security,
Engineer,
Software,
Engineer,
Engineering,
Manager,
Senior,
Engineering,
Manager,
SDK,
Engineer,
SDK,
Engineer,
SDK,
Engineer,
Billing,
Operations,
Specialist,
Brand,
Operations,
Legal,
Counsel,
Growth,
Marketer,
Product,
Growth,
SEO,
Content,
Marketer,
Marketing,
Product,
Marketing,
Manager,
Product,
Marketing,
Alchemy,
Amplify,
Social,
Media,
Manager,
Technical,
Content,
Creator,
Time,
or,
Full,
Executive,
Assistant,
to,
Founders,
People,
Ops,
Recruiting,
Technical,
Recruiter,
Technical,
Sourcer,
Communications,
Associate,
Product,
Engineer,
Product,
Manager,
Product,
Operations,
Product,
Specialist,
Account,
Executive,
Customer,
Success,
Manager,
Sales,
Development,
Representative,
Documentation,
Engineer,
Data,
Engineering,
and,
Architecture,
Solutions,
Salesforce,
CPQ,
Facility,
Security,
Abaxx,
Federal,
Law,
Enforcement,
Executive,
Assistant,
to,
the,
CEO,
Customer,
Support,
AMER,
Customer,
Support,
APAC,
Product,
Design,
Manager,
Senior,
Product,
EMEA,
Senior,
Product,
US,
Cloud,
Cost,
Developer,
Productivity,
Engineering,
Manager,
Engineering,
Government,
Systems,
Senior,
Backend,
Investments,
Senior,
Data,
Analytics,
Senior,
Backend,
Senior,
Frontend,
Senior,
EMEA,
Senior,
Fullstack,
Senior,
Fullstack,
Senior,
Infrastructure,
Senior,
Engineering,
Manager,
Data,
Intelligence,
Senior,
Engineering,
Identity,
Access,
Management,
Senior,
Protocol,
Research,
Senior,
Machine,
Learning,
Engineer,
Dev,
Ops,
Advanced,
Analytics,
Staff,
Software,
Backend,
Staff,
Software,
Government,
Systems,
Corporate,
Financial,
Senior,
Business,
Intelligence,
Analyst,
Senior,
Technical,
Accountant,
Enterprise,
Security,
Manager,
Security,
Engineering,
Manager,
Cybercrimes,
LATAM,
Commercial,
UK,
Content,
Marketing,
Manager,
Field,
Marketing,
ANZ,
Field,
Marketing,
ASEAN,
Central,
Asia,
Global,
Product,
Marketing,
Manager,
Learning,
Development,
Manager,
Senior,
Product,
Manager,
Senior,
Product,
Manager,
Admin,
Experience,
Channel,
LATAM,
Account,
BFSI,
Enterprise,
Account,
LATAM,
Public,
Sector,
Spanish,
Enterprise,
Account,
LATAM,
Enterprise,
Account,
Pacific,
Northwest,
Enterprise,
Account,
San,
Francisco,
Regional,
Sales,
East,
Account,
Japan,
BFSI,
Account,
Canada,
Tax,
Account,
Intelligence,
Community,
Account,
Public,
Taiwan,
Country,
France,
Head,
of,
India,
Head,
of,
Japan,
Public,
Sector,
SDR,
Manager,
Sales,
Development,
EMEA,
Senior,
Solutions,
Architect,
Senior,
Solutions,
Public,
Sector,
Director,
of,
APAC,
Head,
of,
Recruiting,
Infrastructure,
Operations,
Senior,
Technical,
Recruiter,
Technical,
Solutions,
APAC,
Brokerage,
Operations,
Manager,
Lead,
Brand,
Designer,
Lead,
Illustration,
Iconography,
Lead,
Product,
Designer,
Senior,
Art,
Director,
Senior,
Product,
Designer,
Backend,
Engineer,
Full,
Stack,
Engineer,
Senior,
Full,
Stack,
Engineer,
Investment,
Writer,
Investment,
Crypto,
Investment,
Equities,
Brokerage,
Compliance,
Analyst,
People,
Operations,
Editor,
Content,
Lead,
Senior,
Product,
Manager,
Digital,
Asset,
Venture,
Capital,
Associate,
Blizzard,
Fund,
Security,
Engineer,
Core,
SDK,
Engineer,
Distributed,
Protocol,
Engineer,
Distributed,
Systems,
Engineer,
Infrastructure,
Engineer,
Institutional,
Wallet,
Engineer,
IT,
Administrator,
React,
Native,
Engineer,
Senior,
Backend,
Engineer,
Senior,
Data,
Engineer,
Senior,
Distributed,
Protocol,
Engineer,
Senior,
Distributed,
Systems,
Engineer,
Senior,
Software,
Engineer,
Technical,
Digital,
Assets,
Consultant,
Assistant,
Counsel,
Event,
Director,
Global,
Head,
of,
Community,
Head,
of,
Developer,
Relations,
Research,
Analyst,
Culture,
Research,
Analyst,
Markets,
Research,
Analyst,
Technology,
Social,
Media,
Head,
of,
India,
Head,
of,
Japan,
Head,
of,
LATAM,
Head,
of,
Middle,
Africa,
Head,
of,
Southeast,
Asia,
Head,
of,
South,
Korea,
Head,
of,
Africa,
Marketing,
Strategy,
Data,
Scientist,
Product,
Engineering,
Director,
Platform,
Product,
Marketing,
Manger,
Platform,
Web3,
Solutions,
Architect,
Executive,
Assistant,
to,
the,
CEO,
Gaming,
Partnerships,
Manager,
Customer,
Experience,
Manager,
Senior,
Software,
Software,
Developer,
Velocity,
Software,
Software,
Security,
Software,
Trust,
and,
Safety,
Staff,
Software,
Data,
Storage,
Senior,
Litigation,
Senior,
Product,
Compliance,
Senior,
Federal,
Government,
Affairs,
Corporate,
and,
Policy,
Communications,
Lead,
Office,
San,
Francisco,
Palo,
Alto,
Trust,
Safety,
Operations,
Institutional,
Account,
Executive,
Marketing,
Associate,
Compliance,
Manager,
Compliance,
Analyst,
Frontend,
Developer,
Frontend,
Developer,
Stack,
Developer,
Stack,
Developer,
Product,
Developer,
Stocks,
Product,
Developer,
Stocks,
Software,
Engineer,
FTX,
Gaming,
Software,
Engineering,
Client,
Unity,
FTX,
Gaming,
Technical,
Sales,
Engineer,
Senior,
Corporate,
Paralegal,
Public,
Relations,
Associate,
Future,
Openings,
Consulting,
Director,
Security,
Blockchain,
Security,
Security,
Security,
Blockchain,
Security,
Cryptography,
Chief,
Scientist,
Project,
Assurance,
Sales,
Engineer,
Winternship,
Senior,
IT,
Engineer,
Head,
of,
People,
Operations,
Android,
Security,
Developer,
Full,
Stack,
Developer,
iOS,
Security,
Researcher,
Security,
Endpoint,
Agents,
Security,
Engineering,
Security,
Security,
Research,
Senior,
Security,
Research,
Senior,
Vulnerability,
Research,
SWE,
Smart,
Contract,
Controller,
Design,
Lead,
Brand,
and,
Marketing,
Manager,
India,
Head,
of,
Marketing,
Head,
of,
Talent,
Motion,
Designer,
People,
Operations,
Lead,
Software,
Engineer,
Crypto,
Wallet,
Software,
Engineer,
Cloud,
Web,
Project,
Manager,
Paralegal,
Defi,
Developer,
Defi,
Researcher,
MEV,
Engineer,
MEV,
Engineer,
Intern,
Quantitative,
Developer,
Quantitative,
Developer,
Intern,
Software,
Developer,
Back,
Office,
Software,
Developer,
Core,
Infrastructure,
Software,
Developer,
Intern,
Quantitative,
Researcher,
Quantitative,
Researcher,
Intern,
